﻿<?xml version="1.0" encoding="utf-8"?>
<Deployment xmlns="http://schemas.microsoft.com/windowsphone/2009/deployment" AppPlatformVersion="7.1">
  <App xmlns="" ProductID="{f1b59e83-d617-4f60-a17e-25021188e284}" Title="开源中国" RuntimeType="Silverlight" Version="1.0.0.0" Genre="apps.normal" Author="奥思网络" Description="开源中国的官方 Windows Phone 客户端程序。专门为中国IT从业者与软件开发人员之间提供一个方便快捷的互动方式。" Publisher="深圳奥思网络科技有限公司">
    <IconPath IsRelative="true" IsResource="false">ApplicationIcon.png</IconPath>
    <Capabilities>
      <Capability Name="ID_CAP_NETWORKING" />
      <Capability Name="ID_CAP_WEBBROWSERCOMPONENT" />
    </Capabilities>
    <Tasks>
      <DefaultTask Name="_default" NavigationPage="MainPage.xaml" />
      <ExtendedTask Name="BackgroundTask">
        <BackgroundServiceAgent Specifier="ScheduledTaskAgent" Name="OSChinaScheduledTask_Notice" Source="OSChinaScheduledTask_Notice" Type="OSChinaScheduledTask_Notice.ScheduledAgent" />
      </ExtendedTask>
    </Tasks>
    <Tokens>
      <PrimaryToken TokenID="OSChinaToken" TaskName="_default">
        <TemplateType5>
          <BackgroundImageURI IsRelative="true" IsResource="false">Background.png</BackgroundImageURI>
          <Count>0</Count>
          <Title>开源中国</Title>
        </TemplateType5>
      </PrimaryToken>
    </Tokens>
  </App>
</Deployment>